<?xml version="1.0" encoding="UTF-8"?>
<project-private xmlns="http://www.netbeans.org/ns/project-private/1">
    <editor-bookmarks xmlns="http://www.netbeans.org/ns/editor-bookmarks/1"/>
    <open-files xmlns="http://www.netbeans.org/ns/projectui-open-files/1">
        <file>file:/C:/Documents%20and%20Settings/Stefano/Desktop/Soluzione/Esame2012-Esercizio1/src/esame2012esercizio1/Archivio.java</file>
        <file>file:/C:/Documents%20and%20Settings/Stefano/Desktop/Soluzione/Esame2012-Esercizio1/src/esame2012esercizio1/Crociera.java</file>
        <file>file:/C:/Documents%20and%20Settings/Stefano/Desktop/Soluzione/Esame2012-Esercizio1/src/esame2012esercizio1/Escursioni.java</file>
        <file>file:/C:/Documents%20and%20Settings/Stefano/Desktop/Soluzione/Esame2012-Esercizio1/src/esame2012esercizio1/Vacanza.java</file>
    </open-files>
</project-private>
